D708;A056;-
A1000;A1001;-
A1000;A1430;-
A1000;A1431;-
A1000;A201;-
A1000;A206;-
A1000;A213;-
A1000;A214;-
A1000;A215;-
A1000;A216;-
A1000;A217;-
A1000;A218;-
A1000;A219;-
A1000;A220;-
A1000;A221;-
A1000;A222;MMM
A1000;A229;-
A1000;A234;-
A1000;A253;-
A1000;A255;-
A1000;A256;-
A1000;AU2935;-
A1000;AU4502;-
A1000;AU4503;-
A1000;AU4504;-
A1000;AU4505;-
A1000;AU4506;-
A1000;AU4507;-
A1000;AU4600;-
A1000;AU4601;-
A1000;AU4602;-
A1000;AU4604;-
A1000;AU4605;-
A1000;AU4606;-
A1000;AU4607;-
A1000;AU4608;-
A1000;AU4609;-
A1000;AU4610;-
A1000;AU4611;-
A1000;AU4613;-
A1000;AU4614;-
A1000;AU4615;-
A1000;AU4616;-
A1000;AU4617;-
A1000;AU4618;-
A1000;AU4619;-
A1000;AU4620;-
A1000;AU4621;-
A1000;AU4622;-
A1000;AU4623;-
A1000;AU4624;-
A1000;AU4625;-
A1000;AU4626;-
A1000;AU4627;-
A1000;AU4628;-
A1000;AU4629;-
A1000;AU4630;-
A1000;AU4631;-
A1000;AU4632;-
A1000;AU4633;-
A1000;AU4634;-
A1000;AU4635;-
A1000;AU4636;-
A1000;AU4637;-
A1000;AU4638;-
A1000;AU4639;-
A1000;AU4640;-
A1000;AU4641;-
A1000;AU4642;-
A1000;AU4643;-
A1000;AU4644;-
A1000;AU4645;-
A1000;AU4646;-
A1000;AU4647;-
A1000;AU4648;-
A1000;AU4649;-
A1000;AU4650;-
A1000;AU4651;-
A1000;AU4652;-
A1000;AU4653;-
A1000;AU4654;-
A1000;AU4655;-
A1000;AU4656;-
A1000;AU4657;-
A1000;AU4658;-
A1000;AU4659;-
A1000;AU4660;-
A1000;AU4661;-
A1000;AU4662;-
A1000;AU4663;-
A1000;AU4665;-
A1000;AU4666;-
A1000;AU4667;-
A1000;AU4682;-
A1000;AU4683;-
A1000;AU4684;-
A1000;AU4693;-
A1000;AU4694;-
A1000;AU4695;-
A1000;AU4696;-
A1000;AU4697;-
A1000;AU4698;-
A1000;AU4699;-
A1000;AU4707;-
A1000;AUA100;-
A1000;AUA101;-
A1000;AUA102;-
A1000;AUA103;-
A1000;AUA104;-
A1000;AUA105;-
A1000;AUA106;-
A1000;AUA108;-
A1000;AUA109;-
A1000;AUA110;-
A1000;AUA111;-
A1000;AUA112;-
A1000;AUA113;-
A1000;AUA114;-
A1000;AUA115;-
A1000;AUA116;-
A1000;AUA117;-
A1000;AUA118;-
A1000;AUA119;-
A1000;AUA120;-
A1000;AUA121;-
A1000;AUA122;-
A1000;AUA123;-
A1000;AUA124;-
A1000;AUA125;-
A1000;AUA126;-
A1000;AUA127;-
A1000;AUA128;-
A1000;AUA129;-
A1000;AUA130;-
A1000;AUA131;-
A1000;AUA132;-
A1000;AUA135;-
A1000;AUA136;-
A1000;AUA138;-
A1000;AUA139;-
A1000;AUA141;-
A1000;AUA142;-
A1000;AUA144;-
A1003;A222;MMM
A1003;A306G2;-
A1003;A912;-
A1003;AU2766;-
A1111;A1497;-
A1111;A1868;-
A1111;A1875;-
A1111;A1875A;-
A1111;A1875E;-
A1111;A1876;-
A1111;A2173;-
A1111;A374U1;-
A1111;A374U5;-
A1111;A385;-
A1111;A7995;PPP
A1111;A7999A;-
A1111;A7999S;-
A1111;A969;-
A1113;A1031;-
A1113;A1097;-
A1114;A1034;-
A1114;A1428;-
A1114;A1452;-
A1114;A1483;-
A1114;A1485;-
A1114;A1486;-
A1114;A1488;-
A1114;A1489;-
A1114;A1198;-
A1114;A1199;-
A1114;A1246;-
A1114;A2177;-
A1114;A2178;-
A1114;A2192;-
A1114;A2257;-
A1114;A450;-
A1177;A1005;-
A1177;A202;-
A1179;A1006;-
A1179;A1007;-
A1179;A1009;-
A1179;A1014;-
A1179;A1015;-
A1179;A1022;-
A1179;A1023;-
A1179;A1031;-
A1179;A1032;-
A1179;A1033;-
A1179;A1035;-
A1179;A1038;-
A1179;A1040;-
A1179;A1041;-
A1179;A1042;-
A1179;A1048;-
A1179;A1051;-
A1179;A1055;-
A1179;A1059;-
A1179;A1065;-
A1179;A1066;-
A1179;A1072;-
A1179;A1073;-
A1179;A1076;-
A1179;A1082;-
A1179;A1084;-
A1179;A1091;-
A1179;A1093;-
A1179;A1094;-
A1179;A1095;-
A1179;A1097;-
A1179;A1098;-
A1179;A1100;-
A1179;A1101;-
A1179;A1102;-
A1179;A1103;-
A1179;A1104;-
A1179;A1108;-
A1179;A1109;-
A1179;A1110;-
A1179;A1115;-
A1179;A1128;-
A1179;A1129;-
A1179;A1130;-
A1179;A1134;-
A1179;A1135;-
A1179;A1141;-
A1179;A1399;-
A1179;A1404;-
A1179;A1406;-
A1179;A1408;-
A1179;A1409;-
A1179;A1414;-
A1179;A1415;-
A1179;A1417;-
A1179;A1418;-
A1179;A1419;-
A1179;A1423;-
A1179;A1424;-
A1179;A1425;-
A1179;A1431;-
A1179;A1432;-
A1179;A1434;-
A1179;A1454;-
A1179;A1477;-
A1179;A1481;-
A1179;A1484;-
A1179;A1488;-
A1179;A1491;-
A1179;A1492;-
A1179;A1497;-
A1179;A1198;-
A1179;A1199;-
A1179;A1250;-
A1179;A1251;-
A1179;A1252;-
A1179;A1269;-
A1179;A1284;-
A1179;A1291;-
A1179;A166;-
A1179;A1697;-
A1179;A172;-
A1179;A193;-
A1179;A206;-
A1179;A2127;-
A1179;A213;-
A1179;A2147;AAA
A1179;A2156;-
A1179;A2157;-
A1179;A2160;-
A1179;A217;-
A1179;A218;-
A1179;A2180;-
A1179;A219;-
A1179;A2193;-
A1179;A220;-
A1179;A221;-
A1179;A2213;-
A1179;A2252;-
A1179;A228;-
A1179;A239;-
A1179;A245;-
A1179;A256;-
A1179;A270;-
A1179;A272;-
A1179;A276;-
A1179;A288;-
A1179;A469;-
A1179;A480;-
A1179;A481;-
A1179;A498;-
A1179;A821;-
A1179;A822;-
A1179;A975;-
A1179;A976;-
A1179;AU4502;-
A1179;AU4503;-
A1179;AU4504;-
A1179;AU4505;-
A1179;AU4507;-
A1179;AU4600;-
A1179;AU4602;-
A1179;AU4604;-
A1179;AU4606;-
A1179;AU4607;-
A1179;AU4608;-
A1179;AU4609;-
A1179;AU4610;-
A1179;AU4611;-
A1179;AU4615;-
A1179;AU4617;-
A1179;AU4619;-
A1179;AU4621;-
A1179;AU4623;-
A1179;AU4625;-
A1179;AU4626;-
A1179;AU4627;-
A1179;AU4629;-
A1179;AU4630;-
A1179;AU4631;-
A1179;AU4633;-
A1179;AU4651;-
A1179;AU4654;-
A1179;AU4661;-
A1179;AU4697;-
A1600;A092;-
A1600;A2272;-
A1600;A2273;-
A1600;A822;-
A1600;A830;-
A1600;A832;-
A1600;AU4705;-
A1601;A1174;-
A1601;A297;-
A1601;A821;-
A1601;A823;-
A1601;A824;-
A1601;A825;-
A1601;A826;-
A1601;A827;-
A1601;A828;-
A1601;A829;-
A2133;A1010;-
A2133;A1011;-
A2133;A1012;-
A2133;A1029;-
A2133;A1031;-
A2133;A1038;-
A2133;A1041;-
A2133;A1097;-
A2133;A1151;-
A2133;A1158;-
A2133;A1159;-
A2133;A1423;-
A2133;A1425;-
A2133;A1431;-
A2133;A1486;-
A2133;A1246;-
A2133;A1269;-
A2133;A1287;-
A2133;A216;-
A2133;A217;-
A2133;A2176;-
A2133;A218;-
A2133;A219;-
A2133;A220;-
A2133;A221;-
A2133;A248;-
A2133;A256;-
A2133;A832;-
A2133;AU4502;-
A2133;AU4503;-
A2133;AU4504;-
A2133;AU4505;-
A2133;AU4507;-
A2133;AU4600;-
A2133;AU4606;-
A2133;AU4607;-
A2133;AU4608;-
A2133;AU4609;-
A2133;AU4610;-
A2133;AU4611;-
A2133;AU4626;-
A2133;AU4633;-
A2133;AU4651;-
A2133;AU4654;-
A2141;A1067;-
A2141;A1068;-
A2141;A1071;-
A2141;A1072;-
A2141;A1073;-
A2141;A1074;-
A2141;A1075;-
A2141;A1483;-
A2141;A1485;-
A2141;A1489;-
A2141;A1198;-
A2141;A1199;-
A2141;A1246;-
A2141;A2177;-
A2141;A2178;-
A2141;A239;-
A2146;A1152;-
A2146;A1154;-
A2172;A1232;-
A2172;A1234;-
A2182;A1005;-
A2182;A1066;-
A2182;A1100;-
A2182;A1404;-
A2182;A202;-
A2182;A220;-
A2182;A221;-
A2182;A270;-
A2195;A1174;-
A2350;A1048;-
A2350;A333;-
A2350;AH12A0;-
A290;A1028;-
A290;A1428;-
A297;A270;-
A586;A197;-
A655;A2147;-
A655;A218;-
A655;A219;-
A655;A220;-
A655;A221;-
A655;A270;-
A694;A172;-
A729;A800;-
A729;A8010;-
A769;A1833;-
A769;A1836;-
A769;A306F36;-
A862;A1502;-
A862;A1503;VVV
A862;A1504;-
A862;A1505;-
A862;A1506;-
A862;A1507;-
A862;A1508;-
A862;A1509;-
A862;A1510;-
A862;A1521;-
A862;A1522;-
A862;A1523;-
A862;A1524;-
A862;A1525;-
A862;A1526;-
A862;A1527;-
A862;A1528;-
A862;A2354;-
A862;A2355;-
AG1M10;AH102M;-
AH111M;AG1030;-
AH121M;AP120U;-
AH121M;B411;-
AH126M;AP120U;-
AH189M;A575;-
AH189M;A575VW;-
AH1NXN;AG1030;-
AH1NXO;AG1030;-
AH1OBC;AG1030;-
AH1OBD;AG1030;-
AH1OBP;AG1010;-
AH1OBP;AG1030;-
AZ0112;AZ0107;-
AZ0112;AZ0113;-
AZ0114;B465;-
AZ0115;B247U1;-
B164;B477;-
B164;B490;-
B164;B491;-
B223;B222D;-
B223;B222E;-
B361;B351;-
B361;B352;-
B423;B262;-
B760;B222E;-
B760;B360;-
B760;B411;-
BA5U02;B516N;-
BI2API;B5181;-
BI2CEF;B5182;BBB
BI2HIK;B5182;-
BTXTIM;B252;-
BTXZUF;B351;-
BTXZUF;B352;-
C1021;AZ0107;-
C637;B469;-
C666;B472;-
C666;B475;-
C666;B477;-
C666;B478;-
C666;B486A;-
C666;B487;-
C666;B488;-
C666;B489A;-
C666;B490;-
C666;B496;-
C666;B497;-
C666;B498;-
C666;B499;-
C795;A2252;-
C795;A2307;-
D092;AUSLESEN;-
D1077;B515;-
D1119;B516N;-
D11191;B516N;-
D1561;B5183;-
D1806;B515;-
D215;B5181;-
D2A2252;A2252;-
D2A2274;A1067;-
D2A2274;A1246;-
D2A2274;A222;MMM
D2A2275;A222;MMM
D2A579;A1483;-
D2A579;A1246;-
D2A579;A1817;-
D2A579;A394;-
D2A579;A839;-
D2B006;B363;-
D2B008;B486A;-
D2B008;B498;-
D2B021;B244;-
D2B021;B402;-
D2B021;B424;-
D2B098;A1703U2;-
D2B416;B261;-
D2B999;AZ0501;-
D2B999;B102;-
D2B999;B110;-
D2B999;B144;-
D2B999;B321;-
D2B999;B332;-
D2B999;B338;-
D2B999;B339;-
D2B999;B364;-
D2B999;B373;-
D2B999;B402;-
D2B999;B411;-
D2B999;B420;-
D2B999;B421;-
D2B999;B468;-
D2B999;B469;-
D2B999;B485;-
D2B999;B491;-
D2C770;A2252;-
D2C770;A2307;-
D2TKUS;A1845;-
D2TKUS;A1920;-
D2TKUS;A1932;-
D2TMOE;B475;-
D500;B515;-
D500;B5182;-
D500;B5196;-
D708;B5181;-
D88128;B5196;-
D99951;AG1040;-
D99951;AG1080;-
D99951;AG1M04;-
D99951;AG1M09;-
D99951;AG2030;-
D99951;AG2050;-
D99951;AG2080;-
D99951;AG2090;-
D99951;AG2120;-
D99951;AG3010;-
D99951;AG3020;-
D99951;AG3030;-
D99951;AG3040;-
D99951;AG3050;-
D99951;AG3060;-
D99951;AG3060S;-
D99951;AG3080;-
D99951;AZ0108;-
D99951;AZ0200;-
D99951;AZ0501;-
D99951;AZ0502;-
D99951;AZ0508;-
D99951;B351;-
D99951;B360;-
DL0ADRF;A1303;CCC
DL0ADRF;A2257;-
DL0ADRF;A2287;-
DL0ADRF;A2344;-
DL0ADRF;A512;-
DL0ADRF;AH1930;-
DL0ADRF;AW0460;-
DL0LISTB;A1303;-
DL0LISTB;A2257;-
DL0LISTB;A2287;-
DL0LISTB;A2344;-
DL0LISTB;A512;-
DL0LISTB;AH1930;-
DL0LISTB;AW0460;-
DY384D;AH188M;-
F448;A1130;-
GEPKTO;B409;-
HASHUP;B422;-
HBCIGV;B351;-
HBCIGV;B409;-
HD300800;B366;-
HYPKTO;B078;-
HYPKTO;B079;-
HYPKTO;B222D;-
HYPKTO;B222E;-
HYPKTO;B228;-
HYPKTO;B244;-
HYPKTO;B245U1;-
HYPKTO;B247;-
HYPKTO;B248;-
HYPKTO;B263;-
HYPKTO;B285;GGG
HYPKTO;B286G;-
HYPKTO;B286K;-
HYPKTO;B286O;-
HYPKTO;B320;-
HYPKTO;B321;-
HYPKTO;B337;-
HYPKTO;B338;-
HYPKTO;B339;-
HYPKTO;B342;-
HYPKTO;B343;-
HYPKTO;B344;-
HYPKTO;B345;-
HYPKTO;B346;-
HYPKTO;B363;-
HYPKTO;B364;-
HYPKTO;B365;-
HYPKTO;B368;-
HYPKTO;B373;-
HYPKTO;B377;-
HYPKTO;B378;-
HYPKTO;B379;-
HYPKTO;B391;-
HYPKTO;B396;-
HYPKTO;B397;-
HYPKTO;B402;-
HYPKTO;B409;-
HYPKTO;B411;-
HYPKTO;B413;-
HYPKTO;B414;-
HYPKTO;B415;-
HYPKTO;B416;-
HYPKTO;B417;-
HYPKTO;B418;-
HYPKTO;B419;-
HYPKTO;B420;-
HYPKTO;B424;-
HYPKTO;B428;-
HYPKTO;B428SBT;-
HYPKTO;B430;-
HYPKTO;B434;-
HYPKTO;B450;-
HYPKTO;B466;-
HYPKTO;B481;-
K3102;A1768;-
K3848;A1768;-
K3957;A1768;-
K868;A1058;-
L177;A347;-
L177B;AH120P;-
L588;A2147;-
L588;A2157;-
L588;A2160;-
L588;A2176;-
L588;A2180;-
L588;A2186;-
L588;A2359;-
LR1002;B451;-
LR1002;B452;-
M16;A1703U2;-
M16;A1706;-
M16;A1873;-
M16;A1902;-
M16;A2307;-
M16;A330U1;-
M16;A358;-
M16;A382U3;-
M16;A382U4;-
M16;A382U5;-
M16;A382U8;-
M16;A382U9;-
M16;A784;-
M16;A785;-
M16;A786;-
M16;A788;-
M16;A789;-
M16;A790;-
M16;A793;-
M16;A795;-
M16;A7991U1;-
M16;A799A;-
M16;A799C;-
M16;AH116M;-
M16;AH126TD;-
M16;AH1290;-
M16;AH13N0;-
M16;AH1480;-
M16;AH1810;-
M16;AH1860;-
M16;AP1100;-
M16;AU2871;-
M16;AU2872;-
M16;AU2873;-
M16;AZ0101;-
M16;AZ0116;-
M16;B079;-
M16;B105;-
M16;B149;-
M16;B165;-
M16;B173;-
M16;B218;-
M16;B222D;-
M16;B222E;-
M16;B228;-
M16;B247;-
M16;B320;-
M16;B321;-
M16;B351;-
M16;B360;-
M16;B363;-
M16;B364;-
M16;B365;-
M16;B365HY;-
M16;B368;-
M16;B373;-
M16;B402;-
M16;B409;-
M16;B411;-
M16;B424;-
M16;B485;-
M16;B486A;-
M16;B490LD;-
M16;B502;-
M900;A2252;-
N393E;B499;-
N457;B121;-
N457;B488;-
N775;A1051;-
N775;A589;-
S308MGC;A2252;-
S308MGC;A2307;-
TKEBUP;B079;-
TKEBUP;B263;-
TKEBUP;B285;-
TKEBUP;B286O;-
TKEBUP;B378;-
TKEBUP;B391;-
TKEBUP;B394;-
TKEBUP;B397;-
TKEBUP;B402;-
TKEBUP;B409;-
TKEBUP;B411;-
TKEBUP;B424;-
TKEBUP;B428;-
TKEBUP;B430;-
TKEBUP;B431;-
TKEBUP;B463;-
TKEZUP;B285;-
TKEZUP;B286O;-
TKEZUP;B374C;-
TKEZUP;B383;-
TKEZUP;B390;-
TKEZUP;B392;-
TKEZUP;B397;-
TKEZUP;B410;-
TKEZUP;B412;-
TKEZUP;B419;-
TKEZUP;B420;-
TKEZUP;B431;-
TKEZUP;B463;-
TKEZUP;B480;-
TKEZUP2;B383;-
TKEZUP2;B390;-
TKEZUP2;B392;-
TKEZUP2;B397;-
TKEZUP2;B402;-
TKEZUP2;B410;-
TKEZUP2;B412;-
TLOLUP;B079;-
TLOLUP;B422;-
TNDJUP;B374C;-
TNDJUP;B374DJ;-
U120;B414;-
U120;B415;-
U120;B416;-
U125;B414;-
U125;B415;-
U125;B416;-
U125;B463;-
U125;B463U1;-
U126;B332;-
U126;B421;-
U127;B322;-
U128;B468;-
U130;B248;-
U130;B285;-
U130;B286G;-
U130;B286K;-
U130;B428SBT;-
U130;B464;-
U131;B360;-
UP1U01;AH1490;-
V376;B469;-
V881;B360;-
V881;B450;-
V908;B286G;-
V918;B332;-
V918;B337;-
V918;B338;-
V918;B339;-
V918;B342;-
V918;B343;-
V918;B344;-
V918;B345;-
V918;B346;-
V918;B417;-
V918;B418;-
V918;B419;-
V918;B420;-
VQ1051;AH12A0;-
VT1925;B240PTCM;-
VT1925;B240TCM;-
VT1925;B332;-
VT1925;B374PIN;-
VT1925;B374VT;-
VT1925;B392PIN;-
VT1925;B392TAN;-
VT1925;B402;-
VT1925;B410;-
VT1925;B412;-
VT1925;B414;-
VT1925;B415;-
VT1925;B416;-
VT1925;B417;-
VT1925;B418;-
VT1925;B419;-
VT1925;B420;-
VT1925;B450;-
VT1925;B451;-
VT1928;B240PTCM;-
VT1X01;B240PTCM;-
VT1X01;B240TCM;-
VT1X01;B247;-
VT1X01;B285;-
VT1X01;B286O;-
VT1X01;B383UP;-
VT1X01;B410;-
VT1X01;B412;-
VW66BLNK;B238;-
VW66BLNK;B377;-
VW66BLNK;B378;-
VW66KLG;B402;-
VW66KLG;B424;-
WP1ZM1;AU2768;-
WP1ZM8;AU2768;-
ZL1000;AH126M;-
ZL1001;AH134M;-
ZL1004;A1823;-
ZL1004;AG1010;-
ZL1004;AG2020;-
ZL1004;AG2030;-
ZL1004;AG2060;-
ZL1004;AG3120;-
ZP16111;A1231;-
ZP16111;A1232;-
ZP16111;A1234;-
ZP16111;A1387;-
ZP16111;A1390;-
ZP16111;A1391;-
ZP16111;A2359;-
ZP16111;A936;-
ZP16111;A936B;-
